{"accuracy": [0.6120492219924927, 0.8629205226898193, 0.9153140187263489, 0.9420726895332336, 0.9571662545204163, 0.9660999774932861, 0.9727434515953064, 0.9766839742660522, 0.9808236956596375, 0.982146680355072], "loss": [1.312859296798706, 0.43379542231559753, 0.257351815700531, 0.1750907152891159, 0.13010665774345398, 0.10313717275857925, 0.08379721641540527, 0.07069899886846542, 0.06077371537685394, 0.05502965301275253], "val_accuracy": [0.8412246704101562, 0.8793535232543945, 0.9162303805351257, 0.9496358036994934, 0.9471318125724792, 0.9567493796348572, 0.9593102931976318, 0.9627248048782349, 0.9711472988128662, 0.9659116864204407], "val_loss": [0.5089598298072815, 0.3693060576915741, 0.25914421677589417, 0.15750713646411896, 0.1793312430381775, 0.14305885136127472, 0.13028016686439514, 0.12706045806407928, 0.09604018926620483, 0.1239800900220871]}